"Symbol","Name","LastSale","MarketCap","ADR TSO","IPOyear","Sector","industry","Summary Quote",
"FAX","Aberdeen Asia-Pacific Income Fund Inc","7.7482","2022092259.6608","n/a","1986","n/a","n/a","http://www.nasdaq.com/symbol/fax",
"IAF","Aberdeen Australia Equity Fund Inc","10.1","227998622.1","n/a","1985","n/a","n/a","http://www.nasdaq.com/symbol/iaf",
"CH","Aberdeen Chile Fund, Inc.","15.7599","147930238.3104","n/a","n/a","n/a","n/a","http://www.nasdaq.com/symbol/ch",
"ETF","Aberdeen Emerging Markets Telecommunications and Infrastructur","19.9373","164416234.1045","n/a","1992","n/a","n/a","http://www.nasdaq.com/symbol/etf",
"FCO","Aberdeen Global Income Fund, Inc.","14.0399","128542150.0111","n/a","1992","n/a","n/a","http://www.nasdaq.com/symbol/fco",
"IF","Aberdeen Indonesia Fund, Inc.","13.289","109925571.458","n/a","1990","n/a","n/a","http://www.nasdaq.com/symbol/if",
"ISL","Aberdeen Israel Fund, Inc.","12.07","51550849.3","n/a","1992","n/a","n/a","http://www.nasdaq.com/symbol/isl",
"AXK","Accelr8 Technology Corporation","2.9","32199764.3","n/a","n/a","Capital Goods","Biotechnology: Laboratory Analytical Instruments","http://www.nasdaq.com/symbol/axk",
"ACU","Acme United Corporation.","11.05","34290658.35","n/a","1988","Capital Goods","Industrial Machinery/Components","http://www.nasdaq.com/symbol/acu",
"AQ            ","Acquity Group Limited","10.12","0","n/a","n/a","Miscellaneous","Business Services","http://www.nasdaq.com/symbol/aq            ",
"AE","Adams Resources & Energy, Inc.","36.17","152550447.32","n/a","n/a","Energy","Oil Refining/Marketing","http://www.nasdaq.com/symbol/ae",
"ADK","Adcare Health Systems Inc","4.79","65606417.02","n/a","n/a","Health Care","Hospital/Nursing Management","http://www.nasdaq.com/symbol/adk",
"API","Advanced Photonix, Inc.","0.6223","19391581.7781","n/a","n/a","Technology","Semiconductors","http://www.nasdaq.com/symbol/api",
"ANX","ADVENTRX Pharmaceuticals, Inc.","0.7095","33854295.5355","n/a","n/a","Consumer Durables","Major Pharmaceuticals","http://www.nasdaq.com/symbol/anx",
"ACY","AeroCentury Corp.","12.28","18951195.96","n/a","n/a","Technology","Diversified Commercial Services","http://www.nasdaq.com/symbol/acy",
"AIM","Aerosonic Corporation","3.8","14588808","n/a","n/a","Capital Goods","Industrial Machinery/Components","http://www.nasdaq.com/symbol/aim",
"AA^","Alcoa Inc.","88.3","0","n/a","n/a","Capital Goods","Metal Fabrications","http://www.nasdaq.com/symbol/aa^",
"AXX","Alderon Iron Ore Corp.","1.89","189508593.33","n/a","n/a","Basic Industries","Precious Metals","http://www.nasdaq.com/symbol/axx",
"AXU","Alexco Resource Corp","4.03","243273222.92","n/a","n/a","Basic Industries","Precious Metals","http://www.nasdaq.com/symbol/axu",
"ANV","Allied Nevada Gold Corp.","34.6775","3117352692.3825","n/a","n/a","Basic Industries","Precious Metals","http://www.nasdaq.com/symbol/anv",
"AAU","Almaden Minerals, Ltd.","2.72","161084713.12","n/a","n/a","Basic Industries","Precious Metals","http://www.nasdaq.com/symbol/aau",
"APT","Alpha Pro Tech, Ltd.","1.41","29244654.9","n/a","n/a","Health Care","Industrial Specialties","http://www.nasdaq.com/symbol/apt",
"DIT","AMCON Distributing Company","69.3","42153180.3","n/a","n/a","Consumer Non-Durables","Food Distributors","http://www.nasdaq.com/symbol/dit",
"APP","American Apparel Inc","1.16","123149035.92","n/a","1994","Finance","Business Services","http://www.nasdaq.com/symbol/app",
"ADGE","American DG Energy Inc.","1.99","95835335.4","n/a","n/a","Energy","Electric Utilities: Central","http://www.nasdaq.com/symbol/adge",
"ALN","American Lorain Corporation","1.2399","42786312.9726","n/a","n/a","Consumer Non-Durables","Packaged Foods","http://www.nasdaq.com/symbol/aln",
"AMS","American Shared Hospital Services","2.88","13264905.6","n/a","n/a","Health Care","Medical Specialities","http://www.nasdaq.com/symbol/ams",
"AQQ","American Spectrum Realty, Inc.","4.59","16362353.97","n/a","n/a","Consumer Services","Real Estate Investment Trusts","http://www.nasdaq.com/symbol/aqq",
"AXN","Aoxing Pharmaceutical Company, Inc.","0.256","12664278.272","n/a","n/a","Consumer Durables","Major Pharmaceuticals","http://www.nasdaq.com/symbol/axn",
"BRD","Apollo Gold Corporation","0.948","206032805.484","n/a","n/a","Basic Industries","Precious Metals","http://www.nasdaq.com/symbol/brd",
"AGX","Argan, Inc.","16.88","230865481.2","n/a","n/a","Basic Industries","Engineering & Construction","http://www.nasdaq.com/symbol/agx",
"ARR/WS","Armour Residential R","0.0314","0","n/a","n/a","n/a","n/a","http://www.nasdaq.com/symbol/arr/ws",
"HRT","Arrhythmia Research Technology Inc.","2.29","6390277.06","n/a","n/a","Health Care","Biotechnology: Electromedical & Electrotherapeutic Apparatus","http://www.nasdaq.com/symbol/hrt",
"ATC","ATC Venture Group Inc.","0.2","1421465.6","n/a","1986","Capital Goods","Auto Parts:O.E.M.","http://www.nasdaq.com/symbol/atc",
"ATL","Atlatsa Resources Corporation","0.1632","32948198.7936","n/a","1986","Basic Industries","Precious Metals","http://www.nasdaq.com/symbol/atl",
"AZC","Augusta Resource Corporation","2.66","383248528.04","n/a","n/a","Basic Industries","Precious Metals","http://www.nasdaq.com/symbol/azc",
"AZK","Aurizon Mines, Ltd.","4.62","759565893.24","n/a","n/a","Basic Industries","Precious Metals","http://www.nasdaq.com/symbol/azk",
"AWX","Avalon Holdings Corporation","3.8","14452657.8","n/a","n/a","Public Utilities","Environmental Services","http://www.nasdaq.com/symbol/awx",
"AVL","Avalon Rare Metals, Inc.","1.84","190664454.24","n/a","1980","Basic Industries","Precious Metals","http://www.nasdaq.com/symbol/avl",
"ASM","Avino Silver","1.7199","46646123.3784","n/a","1992","Basic Industries","Precious Metals","http://www.nasdaq.com/symbol/asm",
"BONE","Bacterin International Holdings, Inc.","1.69","71738891.12","n/a","n/a","Health Care","Biotechnology: Biological Products (No Diagnostic Substances)","http://www.nasdaq.com/symbol/bone",
"BKR","Baker (Michael) Corporation","24.15","232696793.7","n/a","n/a","Consumer Services","Other Consumer Services","http://www.nasdaq.com/symbol/bkr",
"BTN","Ballantyne Strong, Inc","4.19","58937181.07","n/a","1995","Miscellaneous","Industrial Machinery/Components","http://www.nasdaq.com/symbol/btn",
"BKJ","Bancorp of New Jersey, Inc","9.77","50871725.64","n/a","n/a","Finance","Major Banks","http://www.nasdaq.com/symbol/bkj",
"BCV","Bancroft Convertible Fund, Inc.","16.615","88317198.65","n/a","n/a","n/a","n/a","http://www.nasdaq.com/symbol/bcv",
"BAA","BANRO CORPORATION","4.9","983246940.9","n/a","n/a","Basic Industries","Precious Metals","http://www.nasdaq.com/symbol/baa",
"BHB","Bar Harbor Bankshares, Inc.","35.416","138521361.24","n/a","n/a","Finance","Major Banks","http://www.nasdaq.com/symbol/bhb",
"BRN","Barnwell Industries, Inc.","3.1","25659196","n/a","n/a","Energy","Oil & Gas Production","http://www.nasdaq.com/symbol/brn",
"BIR^A","Berkshire Income Realty, Inc.","26.6","0","n/a","n/a","n/a","n/a","http://www.nasdaq.com/symbol/bir^a",
"BTX","BioTime, Inc.","4.25","216192961","n/a","n/a","Health Care","Biotechnology: Biological Products (No Diagnostic Substances)","http://www.nasdaq.com/symbol/btx",
"BMJ","Birks & Mayors Inc.","1.08","12302911.8","n/a","n/a","Consumer Services","Consumer Specialties","http://www.nasdaq.com/symbol/bmj",
"BZM","BlackRock Maryland Municipal Bond Trust","17.93","37110689.22","n/a","2002","n/a","n/a","http://www.nasdaq.com/symbol/bzm",
"BLE","BlackRock Municipal Income Trust II","16.38","382907561.4","n/a","1992","n/a","n/a","http://www.nasdaq.com/symbol/ble",
"BLJ","Blackrock New Jersey Municipal Bond Trust","16.72","38800465.44","n/a","2002","n/a","n/a","http://www.nasdaq.com/symbol/blj",
"BFY","BlackRock New York Municipal Income Trust II","17.01","84611516.22","n/a","2002","n/a","n/a","http://www.nasdaq.com/symbol/bfy",
"BPS","BlackRock Pennsylvania Strategic Municipal Trust (The)","15.64","31726975.56","n/a","1994","n/a","n/a","http://www.nasdaq.com/symbol/bps",
"BHV","BlackRock Virginia Municipal Bond Trust","19.85","31338644.05","n/a","2002","n/a","n/a","http://www.nasdaq.com/symbol/bhv",
"BDR","Blonder Tongue Laboratories, Inc.","1.08","6712800.48","n/a","1995","Technology","Radio And Television Broadcasting And Communications Equipment","http://www.nasdaq.com/symbol/bdr",
"BVX","Bovie Medical Corporation","2.6","46221835.4","n/a","n/a","Health Care","Medical/Dental Instruments","http://www.nasdaq.com/symbol/bvx",
"BWL/A","Bowl America, Inc.","12.36","0","n/a","n/a","Consumer Services","Services-Misc. Amusement & Recreation","http://www.nasdaq.com/symbol/bwl/a",
"BZC","Breeze-Eastern Corporation","7.31","69404751.14","n/a","n/a","Capital Goods","Military/Government/Technical","http://www.nasdaq.com/symbol/bzc",
"BTI","British American Tobacco  Industries, p.l.c.","101.6","101437252243.2","n/a","n/a","Consumer Non-Durables","Farming/Seeds/Milling","http://www.nasdaq.com/symbol/bti",
"CAK","CAMAC Energy Inc.","0.5194","80885629.615","n/a","n/a","Energy","Oil & Gas Production","http://www.nasdaq.com/symbol/cak",
"CDY","Cardero Resource Corporation","0.74","68711555.96","n/a","n/a","Basic Industries","Precious Metals","http://www.nasdaq.com/symbol/cdy",
"CXM","Cardium Therapeutics, Inc.","0.23","27511991.88","n/a","n/a","Health Care","Biotechnology: Biological Products (No Diagnostic Substances)","http://www.nasdaq.com/symbol/cxm",
"ROX","Castle Brands, Inc.","0.2919","31666790.7654","n/a","2006","Consumer Non-Durables","Beverages (Production/Distribution)","http://www.nasdaq.com/symbol/rox",
"CAW","CCA Industries, Inc.","4.5601","32168960.9642","n/a","n/a","Consumer Non-Durables","Package Goods/Cosmetics","http://www.nasdaq.com/symbol/caw",
"CVM","Cel-Sci Corporation","0.3152","86034605.6208","n/a","n/a","Health Care","Biotechnology: Biological Products (No Diagnostic Substances)","http://www.nasdaq.com/symbol/cvm",
"CEF","Central Fund of Canada Limited","23.0199","5857015609.9887","n/a","n/a","n/a","n/a","http://www.nasdaq.com/symbol/cef",
"GTU","Central Gold Trust","67.19","1296699810","n/a","n/a","n/a","n/a","http://www.nasdaq.com/symbol/gtu",
"CET","Central Securities Corporation","20.236","463609512.096","n/a","n/a","n/a","n/a","http://www.nasdaq.com/symbol/cet",
"CCF","Chase Corporation","16.7118","151286928.5718","n/a","n/a","Consumer Durables","Building Products","http://www.nasdaq.com/symbol/ccf",
"CQP","Cheniere Energy Partners, LP","25.63","7694270860.76","n/a","2007","Public Utilities","Oil/Gas Transmission","http://www.nasdaq.com/symbol/cqp",
"LNG","Cheniere Energy, Inc.","15.73","3372401575.4","n/a","n/a","Public Utilities","Oil/Gas Transmission","http://www.nasdaq.com/symbol/lng",
"CVR","Chicago Rivet & Machine Co.","18.53","17902425.96","n/a","n/a","Technology","Industrial Machinery/Components","http://www.nasdaq.com/symbol/cvr",
"CNAM","China Armco Metals, Inc.","0.3481","6343679.3687","n/a","n/a","Consumer Durables","Steel/Iron Ore","http://www.nasdaq.com/symbol/cnam",
"CBP","China Botanic Pharmaceutical Inc.","0.65","24205698.4","n/a","n/a","Consumer Durables","Major Pharmaceuticals","http://www.nasdaq.com/symbol/cbp",
"CHGS","China GengSheng Minerals, Inc.","0.4","10721217.6","n/a","n/a","Consumer Durables","Miscellaneous manufacturing industries","http://www.nasdaq.com/symbol/chgs",
"CMFO","China Marine Food Group Limited","0.94","27939597.44","n/a","n/a","Consumer Non-Durables","Packaged Foods","http://www.nasdaq.com/symbol/cmfo",
"CNR","China Metro-Rural Holdings Limited","0.8643","63563890.7826","n/a","n/a","Finance","Real Estate","http://www.nasdaq.com/symbol/cnr",
"CPHI","China Pharma Holdings, Inc.","0.319","13901878.683","n/a","n/a","Consumer Durables","Major Pharmaceuticals","http://www.nasdaq.com/symbol/cphi",
"SHZ","China Shen Zhou Mining & Resources, Inc.","0.4499","17691765.0228","n/a","n/a","Basic Industries","Precious Metals","http://www.nasdaq.com/symbol/shz",
"CRC","Chromcraft Revington, Inc.","0.63","4102194.6","n/a","1992","Consumer Durables","Home Furnishings","http://www.nasdaq.com/symbol/crc",
"MBA","CIBT Education Group Inc.","0.2299","16249640.9856","n/a","1992","Consumer Services","Other Consumer Services","http://www.nasdaq.com/symbol/mba",
"CKX","CKX Lands, Inc.","13.7","26612181.5","n/a","n/a","Energy","Oil & Gas Production","http://www.nasdaq.com/symbol/ckx",
"CGR","Claude Resources, Inc.","0.7997","138944327.5308","n/a","n/a","Basic Industries","Precious Metals","http://www.nasdaq.com/symbol/cgr",
"GLV","Clough Global Allocation Fund","13.4376","140216061.5856","n/a","2004","n/a","n/a","http://www.nasdaq.com/symbol/glv",
"GLQ","Clough Global Equity Fund","12.69","226398546.45","n/a","2005","n/a","n/a","http://www.nasdaq.com/symbol/glq",
"GLO","Clough Global Opportunities Fund","11.4461","592185261.7999","n/a","1988","n/a","n/a","http://www.nasdaq.com/symbol/glo",
"CRV","Coast Distribution System, Inc. (The)","1.9","9363701.6","n/a","n/a","Capital Goods","Automotive Aftermarket","http://www.nasdaq.com/symbol/crv",
"MOC","Command Security Corporation","1.17","11309802.66","n/a","n/a","Consumer Services","Diversified Commercial Services","http://www.nasdaq.com/symbol/moc",
"BTC","Community Bankers Trust Corporation.","2.4","51944337.6","n/a","n/a","Finance","Major Banks","http://www.nasdaq.com/symbol/btc",
"CIX","CompX International Inc.","12.24","151679389.68","n/a","1998","Capital Goods","Industrial Machinery/Components","http://www.nasdaq.com/symbol/cix",
"LODE","Comstock Mining, Inc.","2.99","123246553.17","n/a","n/a","Basic Industries","Precious Metals","http://www.nasdaq.com/symbol/lode",
"CTO","Consolidated-Tomoka Land Co.","29","169119532","n/a","n/a","Finance","Real Estate","http://www.nasdaq.com/symbol/cto",
"CEP","Constellation Energy Partners, LLC","1.292","30596986.376","n/a","n/a","Energy","Oil & Gas Production","http://www.nasdaq.com/symbol/cep",
"MCF","Contango Oil & Gas Company","57","871669536","n/a","1990","Energy","Oil & Gas Production","http://www.nasdaq.com/symbol/mcf",
"CUO","Continental Materials Corporation","13.2","21572469.6","n/a","n/a","Capital Goods","Building Materials","http://www.nasdaq.com/symbol/cuo",
"CMT","Core Molding Technologies Inc","7.4345","54086106.452","n/a","1992","Consumer Non-Durables","Plastic Products","http://www.nasdaq.com/symbol/cmt",
"CRMD","CorMedix Inc","0.17","1939406.58","n/a","n/a","Consumer Durables","Major Pharmaceuticals","http://www.nasdaq.com/symbol/crmd",
"CRMD/WS","CorMedix Inc","0.0151","0","n/a","n/a","n/a","n/a","http://www.nasdaq.com/symbol/crmd/ws",
"CFP","Cornerstone Progressive Return Fund","5.62","139340644.58","n/a","n/a","n/a","n/a","http://www.nasdaq.com/symbol/cfp",
"CRF","Cornerstone Strategic Return Fund, Inc. (The)","6.75","45317124","n/a","1994","n/a","n/a","http://www.nasdaq.com/symbol/crf",
"CLM","Cornerstone Strategic Value Fund, Inc.","7.498","109585834.316","n/a","1987","n/a","n/a","http://www.nasdaq.com/symbol/clm",
"COVR","Cover-All Technologies Inc.","1.2","31029276","n/a","n/a","Technology","Computer Software: Prepackaged Software","http://www.nasdaq.com/symbol/covr",
"CVU","CPI Aerostructures, Inc.","11.63","97150844.47","n/a","n/a","Capital Goods","Military/Government/Technical","http://www.nasdaq.com/symbol/cvu",
"CIK","Credit Suisse Asset Management Income Fund, Inc.","3.9899","199856844.031","n/a","n/a","n/a","n/a","http://www.nasdaq.com/symbol/cik",
"DHY","Credit Suisse High Yield Bond Fund","3.255","266388057.495","n/a","1998","n/a","n/a","http://www.nasdaq.com/symbol/dhy",
"EXE","Crexendo, Inc.","3.5","37342203.5","n/a","n/a","Technology","EDP Services","http://www.nasdaq.com/symbol/exe",
"CXZ","Crosshair Energy Corp","0.1825","12005247.485","n/a","n/a","Basic Industries","Mining & Quarrying of Nonmetallic Minerals (No Fuels)","http://www.nasdaq.com/symbol/cxz",
"CRVP","Crystal Rock Holdings, Inc.","1.01","21602567.81","n/a","n/a","Consumer Non-Durables","Food Distributors","http://www.nasdaq.com/symbol/crvp",
"CTP","CTPartners Executive Search Inc.","3.6","25787502","n/a","2010","Technology","Diversified Commercial Services","http://www.nasdaq.com/symbol/ctp",
"QBC","Cubic Energy Inc","0.38","29342045.04","n/a","n/a","Energy","Oil & Gas Production","http://www.nasdaq.com/symbol/qbc",
"DXR","Daxor Corporation","9","37761318","n/a","n/a","Health Care","Medical/Dental Instruments","http://www.nasdaq.com/symbol/dxr",
"DEJ","Dejour Energy Inc.","0.1861","27713337.2014","n/a","n/a","Energy","Oil & Gas Production","http://www.nasdaq.com/symbol/dej",
"VCF","Delaware Investments Colorado Municipal Income Fund, Inc","15.26","73814146","n/a","1993","n/a","n/a","http://www.nasdaq.com/symbol/vcf",
"VFL","Delaware Investments Florida Insured Municipal Income Fund","13.98","63307633.14","n/a","1993","n/a","n/a","http://www.nasdaq.com/symbol/vfl",
"VMM","Delaware Investments Minnesota Municipal Income Fund II, Inc.","15.2799","175794867.5025","n/a","1993","n/a","n/a","http://www.nasdaq.com/symbol/vmm",
"DLA","Delta Apparel, Inc.","14.15","119569268.75","n/a","n/a","Consumer Non-Durables","Apparel","http://www.nasdaq.com/symbol/dla",
"DNN","Denison Mine Corp","1.43","550065108.45","n/a","n/a","Basic Industries","Precious Metals","http://www.nasdaq.com/symbol/dnn",
"DGSE","DGSE Companies, Inc.","7.43","83366784.42","n/a","n/a","Consumer Services","Consumer Specialties","http://www.nasdaq.com/symbol/dgse",
"DPW","Digital Power Corporation","1.35","9265252.5","n/a","n/a","Capital Goods","Industrial Machinery/Components","http://www.nasdaq.com/symbol/dpw",
"DSS","Document Security Systems, Inc.","3.94","82236925.04","n/a","n/a","Technology","EDP Services","http://www.nasdaq.com/symbol/dss",
"DMF","Dreyfus Municipal Income, Inc.","10.52","217227280.12","n/a","1988","n/a","n/a","http://www.nasdaq.com/symbol/dmf",
"GRF","Eagle Capital Growth Fund, Inc.","6.738","21057085.512","n/a","n/a","n/a","n/a","http://www.nasdaq.com/symbol/grf",
"ESTE","Earthstone Energy, Inc.","13.7635","23490936.206","n/a","n/a","Energy","Oil & Gas Production","http://www.nasdaq.com/symbol/este",
"EVM","Eaton Vance California Municipal Bond Fund","12.172","264816295.992","n/a","2002","n/a","n/a","http://www.nasdaq.com/symbol/evm",
"EIA","Eaton Vance California Municipal Bond Fund II","13.15","51063330.45","n/a","2002","n/a","n/a","http://www.nasdaq.com/symbol/eia",
"CEV","Eaton Vance California Municipal Income Trust","13.922","100959030.564","n/a","1999","n/a","n/a","http://www.nasdaq.com/symbol/cev",
"EVV","Eaton Vance Limited Duration Income Fund","16.5826","1945871151.5378","n/a","2003","n/a","n/a","http://www.nasdaq.com/symbol/evv",
"MAB","Eaton Vance Massachusetts Municipal Bond Fund","16.3","28796606.9","n/a","2002","n/a","n/a","http://www.nasdaq.com/symbol/mab",
"MMV","Eaton Vance Massachusetts Municipal Income Trust","15.75","43282638","n/a","1999","n/a","n/a","http://www.nasdaq.com/symbol/mmv",
"MIW","Eaton Vance Michigan Municipal Bond Fund","15.37","23261219.29","n/a","2002","n/a","n/a","http://www.nasdaq.com/symbol/miw",
"EMI","Eaton Vance Michigan Municipal Income Trust","13.69","28972064.86","n/a","1999","n/a","n/a","http://www.nasdaq.com/symbol/emi",
"EIM","Eaton Vance Municipal Bond Fund","13.91","947603212.53","n/a","2002","n/a","n/a","http://www.nasdaq.com/symbol/eim",
"EIV","Eaton Vance Municipal Bond Fund II","13.76","137598568.96","n/a","2002","n/a","n/a","http://www.nasdaq.com/symbol/eiv",
"EMJ","Eaton Vance New Jersey Municipal Bond Fund","14.96","38903584.72","n/a","2002","n/a","n/a","http://www.nasdaq.com/symbol/emj",
"EVJ","Eaton Vance New Jersey Municipal Income Trust","14.75","68904448","n/a","1999","n/a","n/a","http://www.nasdaq.com/symbol/evj",
"ENX","Eaton Vance New York Municipal Bond Fund","14.416","228981293.28","n/a","2002","n/a","n/a","http://www.nasdaq.com/symbol/enx",
"NYH","Eaton Vance New York Municipal Bond Fund II","13.93","35731982.3","n/a","2002","n/a","n/a","http://www.nasdaq.com/symbol/nyh",
"EVY","Eaton Vance New York Municipal Income Trust","15.35","83924359.75","n/a","1999","n/a","n/a","http://www.nasdaq.com/symbol/evy",
"EIO","Eaton Vance Ohio Municipal Bond Fund","15.6501","39645490.6242","n/a","2002","n/a","n/a","http://www.nasdaq.com/symbol/eio",
"EVO","Eaton Vance Ohio Municipal Income Trust","15.74","44957847.2","n/a","1999","n/a","n/a","http://www.nasdaq.com/symbol/evo",
"EIP","Eaton Vance Pennsylvania Municipal Bond Fund","15.9724","47233852.8108","n/a","2002","n/a","n/a","http://www.nasdaq.com/symbol/eip",
"EVP","Eaton Vance Pennsylvania Municipal Income Trust","14.37","39064183.98","n/a","1999","n/a","n/a","http://www.nasdaq.com/symbol/evp",
"ECBE","ECB Bancorp Inc","11.2001","31918504.1841","n/a","n/a","Finance","Major Banks","http://www.nasdaq.com/symbol/ecbe",
"ELMD","Electromed, Inc.","1.92","15579363.84","n/a","2010","Health Care","Biotechnology: Electromedical & Electrotherapeutic Apparatus","http://www.nasdaq.com/symbol/elmd",
"ETAK","Elephant Talk Communications Inc","1.29","147473069.61","n/a","n/a","Public Utilities","Telecommunications Equipment","http://www.nasdaq.com/symbol/etak",
"ELLO","Ellomay Capital Ltd.","5.05","54016168.55","n/a","n/a","Capital Goods","Industrial Machinery/Components","http://www.nasdaq.com/symbol/ello",
"ECF","Ellsworth Convertible Growth and Income Fund, Inc.","7.19","96732656.63","n/a","1986","n/a","n/a","http://www.nasdaq.com/symbol/ecf",
"EMAN","eMagin Corporation","4.62","108767980.86","n/a","n/a","Technology","Semiconductors","http://www.nasdaq.com/symbol/eman",
"EOX","Emerald Oil, Inc.","1.235","86578001.575","n/a","n/a","Energy","Oil & Gas Production","http://www.nasdaq.com/symbol/eox",
"MSN","Emerson Radio Corporation","1.99","53988365.68","n/a","n/a","Consumer Non-Durables","Consumer Electronics/Appliances","http://www.nasdaq.com/symbol/msn",
"ESA","Energy Services Acquisition Corp","1.46","21092380.56","n/a","n/a","Basic Industries","Water Supply","http://www.nasdaq.com/symbol/esa",
"ENA","Enova Systems Inc.","0.0849","3779764.7253","n/a","n/a","Capital Goods","Electrical Products","http://www.nasdaq.com/symbol/ena",
"EGT","Entertainment Gaming Asia Incorporated","2.1512","64373644.6336","n/a","n/a","Consumer Durables","Miscellaneous manufacturing industries","http://www.nasdaq.com/symbol/egt",
"EGI","Entree Gold Inc","0.6499","83757320.2257","n/a","n/a","Basic Industries","Precious Metals","http://www.nasdaq.com/symbol/egi",
"EVI","EnviroStarm, Inc.","1.45","10198911.4","n/a","n/a","Consumer Services","Other Consumer Services","http://www.nasdaq.com/symbol/evi",
"ERB","ERBA Diagnostics, Inc.","0.45","15746199.3","n/a","1983","Consumer Durables","Major Pharmaceuticals","http://www.nasdaq.com/symbol/erb",
"ESP","Espey Mfg. & Electronics Corp.","26.2999","61037386.5178","n/a","n/a","Capital Goods","Industrial Machinery/Components","http://www.nasdaq.com/symbol/esp",
"ETUA","eUnits 2 Year U.S. Market Participation Trust","9.94","26026786.66","n/a","n/a","n/a","n/a","http://www.nasdaq.com/symbol/etua",
"ETUB","eUnits 2 Year U.S. Market Participation Trust","10.2","0","n/a","n/a","n/a","n/a","http://www.nasdaq.com/symbol/etub",
"EMXX","Eurasian Minerals Inc.","2.4683","175866873.5966","n/a","n/a","Basic Industries","Precious Metals","http://www.nasdaq.com/symbol/emxx",
"EVBN","Evans Bancorp, Inc.","15.6","64791979.2","n/a","n/a","Finance","Major Banks","http://www.nasdaq.com/symbol/evbn",
"EVK","Ever-Glory International Group, Inc.","1.3","19195724.6","n/a","n/a","Consumer Non-Durables","Apparel","http://www.nasdaq.com/symbol/evk",
"EPM","Evolution Petroleum Corporation, Inc.","8.25","229489944.75","n/a","n/a","Energy","Oil & Gas Production","http://www.nasdaq.com/symbol/epm",
"EPM^A","Evolution Petroleum Corporation, Inc.","27.2999","0","n/a","n/a","n/a","n/a","http://www.nasdaq.com/symbol/epm^a",
"XRA","Exeter Resource Corporation","1.88","166093775.64","n/a","n/a","Basic Industries","Mining & Quarrying of Nonmetallic Minerals (No Fuels)","http://www.nasdaq.com/symbol/xra",
"FPP","FieldPoint Petroleum Corporation","4.6314","37115826.5556","n/a","n/a","Energy","Oil & Gas Production","http://www.nasdaq.com/symbol/fpp",
"FPP/WS","FieldPoint Petroleum Corporation","1.24","0","n/a","n/a","n/a","n/a","http://www.nasdaq.com/symbol/fpp/ws",
"MXN","First American Minnesota Municipal Income Fund II, Inc.","16.96","24973701.76","n/a","2002","n/a","n/a","http://www.nasdaq.com/symbol/mxn",
"FEN","First Trust Energy Income and Growth Fund","29.77","420521612.68","n/a","2004","n/a","n/a","http://www.nasdaq.com/symbol/fen",
"FWV","First West Virginia Bancorp, Inc.","16.1","26610305.4","n/a","n/a","Finance","Major Banks","http://www.nasdaq.com/symbol/fwv",
"BDL","Flanigan&#39;s Enterprises, Inc.","7.8","14509926.6","n/a","n/a","Consumer Services","Restaurants","http://www.nasdaq.com/symbol/bdl",
"FSI","Flexible Solutions International Inc.","1.31","17252688.21","n/a","1998","Basic Industries","Major Chemicals","http://www.nasdaq.com/symbol/fsi",
"FFI","Fortune Diversified Industries, Inc.","0.16","1965966.4","n/a","1983","Consumer Services","Telecommunications Equipment","http://www.nasdaq.com/symbol/ffi",
"FSP","Franklin Street Properties Corp.","11.43","947974539.15","n/a","n/a","Consumer Services","Real Estate Investment Trusts","http://www.nasdaq.com/symbol/fsp",
"FTF","Franklin Templeton Limited Duration Income Trust","14.48","387874789.84","n/a","2003","n/a","n/a","http://www.nasdaq.com/symbol/ftf",
"FOH","Frederick&#39;s of Hollywood Group","0.3495","13618229.4045","n/a","n/a","Consumer Non-Durables","Apparel","http://www.nasdaq.com/symbol/foh",
"FRD","Friedman Industries Inc.","10.03","68198423.32","n/a","1972","Capital Goods","Steel/Iron Ore","http://www.nasdaq.com/symbol/frd",
"FRS","Frisch&#39;s Restaurants, Inc.","32.802","162151865.106","n/a","n/a","Consumer Services","Restaurants","http://www.nasdaq.com/symbol/frs",
"FLL","Full House Resorts, Inc.","3.06","57159823.86","n/a","n/a","Consumer Services","Hotels/Resorts","http://www.nasdaq.com/symbol/fll",
"GLU","Gabelli Global Utility","20.84","64172737.04","n/a","2004","n/a","n/a","http://www.nasdaq.com/symbol/glu",
"GGN","GAMCO Global Gold, Natural Reources & Income Trust by Gabelli","14.31","1078064585.19","n/a","2005","n/a","n/a","http://www.nasdaq.com/symbol/ggn",
"GGN^A","GAMCO Global Gold, Natural Reources & Income Trust by Gabelli","26","0","n/a","n/a","n/a","n/a","http://www.nasdaq.com/symbol/ggn^a",
"EGAS","Gas Natural Inc.","9.98","81406121.48","n/a","n/a","Public Utilities","Oil/Gas Transmission","http://www.nasdaq.com/symbol/egas",
"GSX","GASCO ENERGY INC","0.147","24953247.207","n/a","n/a","Energy","Oil & Gas Production","http://www.nasdaq.com/symbol/gsx",
"GST","Gastar Exploration","1.77","116315367.69","n/a","n/a","Energy","Oil & Gas Production","http://www.nasdaq.com/symbol/gst",
"GST^A","Gastar Exploration","20.2","0","n/a","n/a","n/a","n/a","http://www.nasdaq.com/symbol/gst^a",
"JOB","General Employment Enterprises, Inc.","0.457","9916751.475","n/a","n/a","Technology","Diversified Commercial Services","http://www.nasdaq.com/symbol/job",
"GMO","General Moly, Inc","2.7699","251903702.6352","n/a","n/a","Basic Industries","Precious Metals","http://www.nasdaq.com/symbol/gmo",
"GGR","GeoGlobal Resources Inc.","0.1075","14871877.9825","n/a","n/a","Energy","Oil & Gas Production","http://www.nasdaq.com/symbol/ggr",
"GOK","Geokinetics, Inc.","0.155","2952289.03","n/a","n/a","Energy","Oil & Gas Production","http://www.nasdaq.com/symbol/gok",
"GPR","GeoPetro Resources Co","0.1265","5724517.2765","n/a","n/a","Energy","Oil & Gas Production","http://www.nasdaq.com/symbol/gpr",
"GIG","GigOptix, Inc.","2.4498","51915392.3628","n/a","n/a","Technology","Semiconductors","http://www.nasdaq.com/symbol/gig",
"GSB","GlobalSCAPE, Inc.","1.99","36588768.84","n/a","n/a","Technology","Computer Software: Prepackaged Software","http://www.nasdaq.com/symbol/gsb",
"GLOW","Glowpoint, Inc.","2.1301","54517709.1067","n/a","n/a","Public Utilities","Telecommunications Equipment","http://www.nasdaq.com/symbol/glow",
"GRZ","Gold Reserve Inc","3.81","227834083.32","n/a","n/a","Basic Industries","Precious Metals","http://www.nasdaq.com/symbol/grz",
"GORO","Gold Resource Corporation","21.2836","1124386536.8736","n/a","n/a","Basic Industries","Precious Metals","http://www.nasdaq.com/symbol/goro",
"GSV","Gold Standard Ventures Corporation","1.7301","144844160.5809","n/a","n/a","Basic Industries","Mining & Quarrying of Nonmetallic Minerals (No Fuels)","http://www.nasdaq.com/symbol/gsv",
"AUMN","Golden Minerals Company","6.594","250132358.238","n/a","n/a","Basic Industries","Precious Metals","http://www.nasdaq.com/symbol/aumn",
"GSS","Golden Star Resources, Ltd","1.5892","411383426.832","n/a","n/a","Basic Industries","Precious Metals","http://www.nasdaq.com/symbol/gss",
"GV","Goldfield Corporation (The)","2.22","56502005.88","n/a","n/a","Basic Industries","Water Supply","http://www.nasdaq.com/symbol/gv",
"GRC","Gorman-Rupp Company (The)","27.3","573051378.9","n/a","n/a","Capital Goods","Fluid Controls","http://www.nasdaq.com/symbol/grc",
"GHM","Graham Corporation","19.41","193668088.68","n/a","n/a","Technology","Industrial Machinery/Components","http://www.nasdaq.com/symbol/ghm",
"GTE","Gran Tierra Energy Inc.","4.9715","1331463361.603","n/a","n/a","Energy","Oil & Gas Production","http://www.nasdaq.com/symbol/gte",
"GBG","Great Basin Gold, Ltd.","0.249","137556672.564","n/a","n/a","Basic Industries","Precious Metals","http://www.nasdaq.com/symbol/gbg",
"GPL","Great Panther Silver Limited","2.23","306827749.37","n/a","n/a","Basic Industries","Precious Metals","http://www.nasdaq.com/symbol/gpl",
"GRH","GreenHunter Energy Inc","2.34","65705859.18","n/a","n/a","Basic Industries","Major Chemicals","http://www.nasdaq.com/symbol/grh",
"GRH^C","GreenHunter Energy Inc","22.42","0","n/a","n/a","n/a","n/a","http://www.nasdaq.com/symbol/grh^c",
"SIM","Grupo Simec, S.A. de C.V.","11.8","1957656237.8","n/a","1993","Basic Industries","Steel/Iron Ore","http://www.nasdaq.com/symbol/sim",
"GVP","GSE Systems, Inc.","1.901","34982451.031","n/a","n/a","Technology","Computer Software: Prepackaged Software","http://www.nasdaq.com/symbol/gvp",
"HWG","Hallwood Group Incorporated","8.8","13421460.8","n/a","n/a","Basic Industries","Textiles","http://www.nasdaq.com/symbol/hwg",
"HEB","Hemispherx BioPharma, Inc.","0.828","112791021.948","n/a","n/a","Health Care","Biotechnology: Biological Products (No Diagnostic Substances)","http://www.nasdaq.com/symbol/heb",
"HLM^","Hillman Group Capital Trust","29.98","0","n/a","n/a","n/a","n/a","http://www.nasdaq.com/symbol/hlm^",
"HKN","HKN, Inc.","2.25","39335577.75","n/a","n/a","Energy","Oil & Gas Production","http://www.nasdaq.com/symbol/hkn",
"HMG","HMG/Courtland Properties, Inc.","4.9","4862397.4","n/a","n/a","Consumer Services","Real Estate Investment Trusts","http://www.nasdaq.com/symbol/hmg",
"HH","Hooper Holmes, Inc.","0.62","43213743.94","n/a","n/a","Health Care","Hospital/Nursing Management","http://www.nasdaq.com/symbol/hh",
"HUSA","Houston American Energy Corporation","0.93","34749663.9","n/a","n/a","Energy","Oil & Gas Production","http://www.nasdaq.com/symbol/husa",
"IBIO","iBio, Inc.","1.12","53499146.4","n/a","n/a","Consumer Durables","Major Pharmaceuticals","http://www.nasdaq.com/symbol/ibio",
"IBO","IBO (Listing Market - NYSE Amex Network B F)","n/a","0","n/a","n/a","n/a","n/a","http://www.nasdaq.com/symbol/ibo",
"IEC","IEC Electronics Corp.","5.9","58461648.6","n/a","n/a","Technology","Electrical Products","http://www.nasdaq.com/symbol/iec",
"IG","IGI Laboratories, Inc.","1.34","52981048.64","n/a","n/a","Health Care","Biotechnology: Biological Products (No Diagnostic Substances)","http://www.nasdaq.com/symbol/ig",
"IMUC","ImmunoCellular Therapeutics, Ltd.","3.3065","134312661.974","n/a","n/a","Consumer Durables","Major Pharmaceuticals","http://www.nasdaq.com/symbol/imuc",
"IMH","Impac Mortgage Holdings, Inc.","7.245","56838082.77","n/a","1995","Consumer Services","Real Estate Investment Trusts","http://www.nasdaq.com/symbol/imh",
"IMO","Imperial Oil Limited","48.0799","40752475688.9789","n/a","n/a","Energy","Integrated oil Companies","http://www.nasdaq.com/symbol/imo",
"IOT","Income Opportunity Realty Trust","2.1","8753249.4","n/a","n/a","Consumer Services","Real Estate Investment Trusts","http://www.nasdaq.com/symbol/iot",
"IGC","India Globalization Capital Inc.","0.214","12853211.718","n/a","1987","Basic Industries","Military/Government/Technical","http://www.nasdaq.com/symbol/igc",
"IGC/U","India Globalization Capital Inc.","0.21","0","n/a","n/a","n/a","n/a","http://www.nasdaq.com/symbol/igc/u",
"IGC/WS","India Globalization Capital Inc.","0.0125","0","n/a","n/a","n/a","n/a","http://www.nasdaq.com/symbol/igc/ws",
"INFU","InfuSystems Holdings, Inc.","1.57","34333089.7","n/a","1992","Health Care","Medical/Dental Instruments","http://www.nasdaq.com/symbol/infu",
"INV","Innovaro Inc","0.441","6816276.81","n/a","1997","Consumer Services","Professional Services","http://www.nasdaq.com/symbol/inv",
"IHT","InnSuites Hospitality Trust","2.15","18052492.2","n/a","n/a","Consumer Services","Real Estate Investment Trusts","http://www.nasdaq.com/symbol/iht",
"INO","Inovio Pharmaceuticals, Inc.","0.5794","78200687.4836","n/a","n/a","Health Care","Medical/Dental Instruments","http://www.nasdaq.com/symbol/ino",
"IFMI","Institutional Financial Markets, Inc.","1.24","14774498.32","n/a","n/a","Finance","Investment Bankers/Brokers/Service","http://www.nasdaq.com/symbol/ifmi",
"IDN","Intellicheck Mobilisia, Inc.","1.851","50891851.197","n/a","1999","Technology","Computer Software: Prepackaged Software","http://www.nasdaq.com/symbol/idn",
"INS","Intelligent Systems Corporation","1.68","15049487.04","n/a","1992","Capital Goods","Metal Fabrications","http://www.nasdaq.com/symbol/ins",
"THM","International Tower Hill Mines Ltd","2.98","258318078.62","n/a","1984","Basic Industries","Precious Metals","http://www.nasdaq.com/symbol/thm",
"INUV","Inuvo, Inc","0.48","11278619.04","n/a","n/a","Consumer Services","Advertising","http://www.nasdaq.com/symbol/inuv",
"VKI","Invesco Van Kampen Advantage Municipal Income Trust II","13.38","593103809.82","n/a","n/a","n/a","n/a","http://www.nasdaq.com/symbol/vki",
"VMV","Invesco Van Kampen Massachusetts Value Municipal Income Trust","14.2","38434586.2","n/a","n/a","n/a","n/a","http://www.nasdaq.com/symbol/vmv",
"VKL","Invesco Van Kampen Select Sector Municipal Trust","13.11","199150273.65","n/a","1993","n/a","n/a","http://www.nasdaq.com/symbol/vkl",
"ICH","Investors Capital Holdings, Ltd.","4","26721428","n/a","1997","Finance","Finance/Investors Services","http://www.nasdaq.com/symbol/ich",
"IPT","iParty Corporation","0.18","4395291.12","n/a","n/a","Consumer Services","Other Specialty Stores","http://www.nasdaq.com/symbol/ipt",
"ISR","IsoRay, Inc.","0.775","23987742.65","n/a","n/a","Health Care","Medical/Dental Instruments","http://www.nasdaq.com/symbol/isr",
"ITI","Iteris, Inc.","1.6018","53849126.5912","n/a","n/a","Consumer Durables","Telecommunications Equipment","http://www.nasdaq.com/symbol/iti",
"KGN","Keegan Resources Inc","4.16","314312286.08","n/a","n/a","Basic Industries","Mining & Quarrying of Nonmetallic Minerals (No Fuels)","http://www.nasdaq.com/symbol/kgn",
"KBX","Kimber Resources Inc","0.7699","63485905.4963","n/a","n/a","Basic Industries","Mining & Quarrying of Nonmetallic Minerals (No Fuels)","http://www.nasdaq.com/symbol/kbx",
"KXM","Kobex Minerals Inc.","0.5301","24428287.1313","n/a","n/a","Basic Industries","Precious Metals","http://www.nasdaq.com/symbol/kxm",
"LTS","Ladenburg Thalmann Financial Services Inc","1.42","260830798.62","n/a","n/a","Finance","Investment Bankers/Brokers/Service","http://www.nasdaq.com/symbol/lts",
"LSG","Lake Shore Gold Corp","1.07","444684788.2","n/a","n/a","n/a","n/a","http://www.nasdaq.com/symbol/lsg",
"LCI","Lannett Co Inc","4.85","137571685.6","n/a","n/a","Consumer Durables","Major Pharmaceuticals","http://www.nasdaq.com/symbol/lci",
"LAQ","Latin America Equity Fund, Inc. (The)","33.83","251983330.11","n/a","1991","n/a","n/a","http://www.nasdaq.com/symbol/laq",
"LGL","LGL Group, Inc. (The)","5.45","14167258.65","n/a","n/a","Capital Goods","Industrial Machinery/Components","http://www.nasdaq.com/symbol/lgl",
"LBY","Libbey, Inc.","15.18","312525354.24","n/a","1993","Capital Goods","Industrial Machinery/Components","http://www.nasdaq.com/symbol/lby",
"LON","Loncor Resources Inc.","1.19","70620231.08","n/a","n/a","Basic Industries","Precious Metals","http://www.nasdaq.com/symbol/lon",
"LPH","Longwei Petroleum Investment Holding Limited","1.42","143089091.72","n/a","1973","Energy","Oil Refining/Marketing","http://www.nasdaq.com/symbol/lph",
"LEI","Lucas Energy, Inc.","1.68","42043318.8","n/a","n/a","Energy","Oil & Gas Production","http://www.nasdaq.com/symbol/lei",
"MCZ","Mad Catz Interactive Inc","0.65","41260309.35","n/a","n/a","Consumer Non-Durables","Recreational Products/Toys","http://www.nasdaq.com/symbol/mcz",
"MVG","Mag Silver Corporation","11.29","630747732.96","n/a","n/a","Basic Industries","Precious Metals","http://www.nasdaq.com/symbol/mvg",
"MHR^C","Magnum Hunter Resources Corporation","25.72","0","n/a","n/a","n/a","n/a","http://www.nasdaq.com/symbol/mhr^c",
"MHR^D","Magnum Hunter Resources Corporation","43.9","0","n/a","n/a","n/a","n/a","http://www.nasdaq.com/symbol/mhr^d",
"MHE","Massachusetts Health and Education Tax-Exempt Trust","15.49","36496887.42","n/a","1993","n/a","n/a","http://www.nasdaq.com/symbol/mhe",
"MHH","Mastech Holdings, Inc","5.016","15928062.216","n/a","n/a","Consumer Services","Professional Services","http://www.nasdaq.com/symbol/mhh",
"MDGN","Medgenics, Inc.","11.4","136624348.8","n/a","n/a","Health Care","Biotechnology: Biological Products (No Diagnostic Substances)","http://www.nasdaq.com/symbol/mdgn",
"MDGN/WS","Medgenics, Inc.","5.6","0","n/a","n/a","n/a","n/a","http://www.nasdaq.com/symbol/mdgn/ws",
"MEET","MeetMe, Inc.","2.35","85475558.3","n/a","n/a","Consumer Services","Advertising","http://www.nasdaq.com/symbol/meet",
"IPB","Merrill Lynch & Co., Inc.","26.36","0","n/a","n/a","Finance","Finance: Consumer Services","http://www.nasdaq.com/symbol/ipb",
"MEA","Metalico Inc","2.46","117003039.06","n/a","n/a","Basic Industries","Metal Fabrications","http://www.nasdaq.com/symbol/mea",
"MXC","Mexco Energy Corporation","6.1301","12480570.9649","n/a","1972","Energy","Oil & Gas Production","http://www.nasdaq.com/symbol/mxc",
"CCA","MFS California Insured Municipal Trust","12.14","33821275.18","n/a","1984","n/a","n/a","http://www.nasdaq.com/symbol/cca",
"MGT","MGT Capital Investments Inc","4.7","11492378.9","n/a","n/a","Miscellaneous","Multi-Sector Companies","http://www.nasdaq.com/symbol/mgt",
"MSL","MidSouth Bancorp","14.64","153396251.04","n/a","n/a","Finance","Major Banks","http://www.nasdaq.com/symbol/msl",
"MDW","Midway Gold Corporation","1.42","181578424.6","n/a","n/a","Basic Industries","Precious Metals","http://www.nasdaq.com/symbol/mdw",
"MGH","Minco Gold Corporation","0.61","30731626.15","n/a","n/a","Basic Industries","Precious Metals","http://www.nasdaq.com/symbol/mgh",
"MGN","Mines Management, Inc.","1.46","42252037.92","n/a","1985","Basic Industries","Precious Metals","http://www.nasdaq.com/symbol/mgn",
"MXA","Minnesota Municipal Income Portfolio Inc.","17.346","71929404.078","n/a","1993","n/a","n/a","http://www.nasdaq.com/symbol/mxa",
"MDM","Mountain Province Diamonds Inc.","4.3808","353598716.4864","n/a","n/a","Basic Industries","Precious Metals","http://www.nasdaq.com/symbol/mdm",
"MVF","MuniVest Fund, Inc.","11.18","708636742.32","n/a","1993","n/a","n/a","http://www.nasdaq.com/symbol/mvf",
"MZA","MuniYield Arizona Fund, Inc.","15.32","69918764.16","n/a","1993","n/a","n/a","http://www.nasdaq.com/symbol/mza",
"NHC","National HealthCare Corporation","46.13","645031453.78","n/a","n/a","Health Care","Hospital/Nursing Management","http://www.nasdaq.com/symbol/nhc",
"NHC^A","National HealthCare Corporation","15.28","0","n/a","n/a","n/a","n/a","http://www.nasdaq.com/symbol/nhc^a",
"NAVB","Navidea Biopharmaceuticals, Inc.","3.57","369478513.74","n/a","n/a","Health Care","Biotechnology: In Vitro & In Vivo Diagnostic Substances","http://www.nasdaq.com/symbol/navb",
"NBS","Neostem, Inc.","0.7101","108368540.6553","n/a","n/a","Health Care","Hospital/Nursing Management","http://www.nasdaq.com/symbol/nbs",
"NBW","Neuberger Berman California Intermediate Municipal Fund Inc.","16.2","89294400","n/a","2002","n/a","n/a","http://www.nasdaq.com/symbol/nbw",
"NHS","Neuberger Berman High Yield Strategies Fund","14.79","288546569.88","n/a","n/a","n/a","n/a","http://www.nasdaq.com/symbol/nhs",
"NBH","Neuberger Berman Intermediate Municipal Fund Inc.","16.42","307415240","n/a","2002","n/a","n/a","http://www.nasdaq.com/symbol/nbh",
"NBO","Neuberger Berman New York Intermediate Municipal Fund Inc.","15.45","78146100","n/a","2002","n/a","n/a","http://www.nasdaq.com/symbol/nbo",
"NRO","Neuberger Berman Real Estate Securities Income Fund, Inc.","4.82","268897417.72","n/a","2003","n/a","n/a","http://www.nasdaq.com/symbol/nro",
"CUR","Neuralstem, Inc.","0.649","35107723.145","n/a","1973","Health Care","Biotechnology: Biological Products (No Diagnostic Substances)","http://www.nasdaq.com/symbol/cur",
"UWN","Nevada Gold & Casinos, Inc.","0.911","14539718.514","n/a","n/a","Consumer Services","Services-Misc. Amusement & Recreation","http://www.nasdaq.com/symbol/uwn",
"NSU","Nevsun Resources Ltd","4.64","923721061.6","n/a","n/a","Basic Industries","Precious Metals","http://www.nasdaq.com/symbol/nsu",
"GBR","New Concept Energy, Inc","0.9964","1939926.034","n/a","n/a","Energy","Oil & Gas Production","http://www.nasdaq.com/symbol/gbr",
"NEWN","New Energy Systems Group.","0.5345","7777900.2195","n/a","n/a","Energy","Industrial Machinery/Components","http://www.nasdaq.com/symbol/newn",
"NEN","New England Realty Associates Limited Partnership","28.88","9829452.4","n/a","n/a","Consumer Services","Building operators","http://www.nasdaq.com/symbol/nen",
"NGD","NEW GOLD INC.","11.35","5243874801.35","n/a","n/a","Basic Industries","Precious Metals","http://www.nasdaq.com/symbol/ngd",
"PAL","North American Palladium, Ltd.","1.98","345598872.3","n/a","2000","Basic Industries","Precious Metals","http://www.nasdaq.com/symbol/pal",
"NAK","Northern Dynasty Minerals, Ltd.","3.89","369533521.96","n/a","n/a","Basic Industries","Precious Metals","http://www.nasdaq.com/symbol/nak",
"NOG","Northern Oil and Gas, Inc.","18.43","1172486227.36","n/a","n/a","Energy","Oil & Gas Production","http://www.nasdaq.com/symbol/nog",
"NBY","NovaBay Pharmaceuticals, Inc.","1.388","40195594.456","n/a","2007","Consumer Durables","Major Pharmaceuticals","http://www.nasdaq.com/symbol/nby",
"NCQ","NovaCopper Inc.","2.2","102659849.6","n/a","n/a","Basic Industries","Precious Metals","http://www.nasdaq.com/symbol/ncq",
"NG","Novagold Resources Inc.","5.07","1418541581.73","n/a","n/a","Basic Industries","Precious Metals","http://www.nasdaq.com/symbol/ng",
"NTN","NTN Buzztime, Inc.","0.1601","11374581.9533","n/a","n/a","Consumer Services","Broadcasting","http://www.nasdaq.com/symbol/ntn",
"NLP","NTS Realty Holdings Limited Partnership","5.02","55698275.48","n/a","n/a","Consumer Services","Real Estate Investment Trusts","http://www.nasdaq.com/symbol/nlp",
"NTS","NTS, Inc.","0.7","28830617.2","n/a","n/a","Consumer Services","Telecommunications Equipment","http://www.nasdaq.com/symbol/nts",
"NEA","Nuveen AMT-Free Municipal Income Fund","15.15","336952922.55","n/a","2002","n/a","n/a","http://www.nasdaq.com/symbol/nea",
"NFZ","Nuveen Arizona Dividend Advantage Municipal Fund","15.17","23487893.04","n/a","2001","n/a","n/a","http://www.nasdaq.com/symbol/nfz",
"NFZ^C","Nuveen Arizona Dividend Advantage Municipal Fund","10.08","0","n/a","n/a","n/a","n/a","http://www.nasdaq.com/symbol/nfz^c",
"NKR","Nuveen Arizona Dividend Advantage Municipal Fund 2","15.82","38593696.82","n/a","2002","n/a","n/a","http://www.nasdaq.com/symbol/nkr",
"NXE","Nuveen Arizona Dividend Advantage Municipal Fund 3","14.8915","45657785.745","n/a","2002","n/a","n/a","http://www.nasdaq.com/symbol/nxe",
"NKX","Nuveen California AMT-Free Municipal Income Fund","15.17","634159580.44","n/a","2002","n/a","n/a","http://www.nasdaq.com/symbol/nkx",
"NVX","Nuveen California Dividend Advantage Municipal Fund 2","15.839","233594142.204","n/a","2001","n/a","n/a","http://www.nasdaq.com/symbol/nvx",
"NZH","Nuveen California Dividend Advantage Municipal Fund 3","14.11","340646442","n/a","n/a","n/a","n/a","http://www.nasdaq.com/symbol/nzh",
"NCB","Nuveen California Municipal Value Fund 2","16.53","54348987","n/a","n/a","n/a","n/a","http://www.nasdaq.com/symbol/ncb",
"NCU","Nuveen California Premium Income Municipal Fund","15.59","89341425.92","n/a","1993","n/a","n/a","http://www.nasdaq.com/symbol/ncu",
"CFD","Nuveen Diversified Commodity Fund","22.0679","203449266.396","n/a","1998","Finance","Investment Bankers/Brokers/Service","http://www.nasdaq.com/symbol/cfd",
"NXZ","Nuveen Dividend Advantage Municipal Fund 2","15.84","466884839.52","n/a","2001","n/a","n/a","http://www.nasdaq.com/symbol/nxz",
"NZF","Nuveen Dividend Advantage Municipal Fund 3","15.26","616504427.28","n/a","2007","n/a","n/a","http://www.nasdaq.com/symbol/nzf",
"NVG","Nuveen Dividend Advantage Municipal Income Fund","15.54","463137066","n/a","2002","n/a","n/a","http://www.nasdaq.com/symbol/nvg",
"NKG","Nuveen Georgia Dividend Advantage Municipal Fund 2","14.92","157363164.68","n/a","2002","n/a","n/a","http://www.nasdaq.com/symbol/nkg",
"NKG^E","Nuveen Georgia Dividend Advantage Municipal Fund 2","10.06","0","n/a","n/a","n/a","n/a","http://www.nasdaq.com/symbol/nkg^e",
"NGX","Nuveen Massachusetts AMT-Free Municipal Income Fund","14.4","39273364.8","n/a","2002","n/a","n/a","http://www.nasdaq.com/symbol/ngx",
"NMB","Nuveen Massachusetts Dividend Advantage Municipal Fund","15.042","29568044.358","n/a","2001","n/a","n/a","http://www.nasdaq.com/symbol/nmb",
"NMB^C","Nuveen Massachusetts Dividend Advantage Municipal Fund","10.06","0","n/a","n/a","n/a","n/a","http://www.nasdaq.com/symbol/nmb^c",
"NZW","Nuveen Michigan Dividend Advantage Municipal Fund","14.53","29831339.58","n/a","n/a","n/a","n/a","http://www.nasdaq.com/symbol/nzw",
"NZW^C","Nuveen Michigan Dividend Advantage Municipal Fund","10.06","0","n/a","n/a","n/a","n/a","http://www.nasdaq.com/symbol/nzw^c",
"NOM","Nuveen Missouri Premium Income Municipal Fund","17.641","41009450.547","n/a","1993","n/a","n/a","http://www.nasdaq.com/symbol/nom",
"NMZ","Nuveen Municipal High Income Opportunity Fund","13.81","398873304.73","n/a","2003","n/a","n/a","http://www.nasdaq.com/symbol/nmz",
"NXJ","Nuveen New Jersey Dividend Advantage Municipal Fund","15.73","103344715.76","n/a","2001","n/a","n/a","http://www.nasdaq.com/symbol/nxj",
"NUJ","Nuveen New Jersey Dividend Advantage Municipal Fund 2","15.75","71267159.25","n/a","1991","n/a","n/a","http://www.nasdaq.com/symbol/nuj",
"NJV","Nuveen New Jersey Municipal Value Fund","16.61","25947178.62","n/a","n/a","n/a","n/a","http://www.nasdaq.com/symbol/njv",
"NRK","Nuveen New York AMT-Free Municipal Income Fund","15.14","53089318.4","n/a","2002","n/a","n/a","http://www.nasdaq.com/symbol/nrk",
"NXK","Nuveen New York Dividend Advantage Municipal Fund 2","15.349","99592232.084","n/a","2001","n/a","n/a","http://www.nasdaq.com/symbol/nxk",
"NKO","Nuveen New York Dividend Advantage Municipal Income Fund","15.31","121517475.61","n/a","2002","n/a","n/a","http://www.nasdaq.com/symbol/nko",
"NYV","Nuveen New York Municipal Value Fund 2","15.75","36979708.5","n/a","2009","n/a","n/a","http://www.nasdaq.com/symbol/nyv",
"NXI","Nuveen Ohio Dividend Advantage Municipal Fund","16.49","70038240.84","n/a","2001","n/a","n/a","http://www.nasdaq.com/symbol/nxi",
"NXI^D","Nuveen Ohio Dividend Advantage Municipal Fund","10.17","0","n/a","n/a","n/a","n/a","http://www.nasdaq.com/symbol/nxi^d",
"NBJ","Nuveen Ohio Dividend Advantage Municipal Fund 2","15.84","49458863.52","n/a","n/a","n/a","n/a","http://www.nasdaq.com/symbol/nbj",
"NBJ^A","Nuveen Ohio Dividend Advantage Municipal Fund 2","10.12","0","n/a","n/a","n/a","n/a","http://www.nasdaq.com/symbol/nbj^a",
"NVJ","Nuveen Ohio Dividend Advantage Municipal Fund 3","16.4901","35594177.6718","n/a","2002","n/a","n/a","http://www.nasdaq.com/symbol/nvj",
"NVJ^A","Nuveen Ohio Dividend Advantage Municipal Fund 3","10.1","0","n/a","n/a","n/a","n/a","http://www.nasdaq.com/symbol/nvj^a",
"NXM","Nuveen Pennsylvania Dividend Advantage Municipal Fund","14.98","49763320.32","n/a","2001","n/a","n/a","http://www.nasdaq.com/symbol/nxm",
"NVY","Nuveen Pennsylvania Dividend Advantage Municipal Fund 2","15.1201","56339246.5316","n/a","1993","n/a","n/a","http://www.nasdaq.com/symbol/nvy",
"NPN","Nuveen Pennsylvania Municipal Value Fund","15.908","19397451.616","n/a","1992","n/a","n/a","http://www.nasdaq.com/symbol/npn",
"JRS","Nuveen Real Estate Fund","11.72","335372195","n/a","2001","n/a","n/a","http://www.nasdaq.com/symbol/jrs",
"OBT","Orbital Corporation Limited","3","9135462","n/a","n/a","Miscellaneous","Multi-Sector Companies","http://www.nasdaq.com/symbol/obt",
"TIS","Orchids Paper Products Company","18.25","138133793.75","n/a","1988","Basic Industries","Paper","http://www.nasdaq.com/symbol/tis",
"ONP","Orient Paper, Inc.","2.1399","39502072.5225","n/a","n/a","Consumer Durables","Containers/Packaging","http://www.nasdaq.com/symbol/onp",
"OESX","Orion Energy Systems, Inc.","1.59","33844272.54","n/a","2007","Consumer Durables","Building Products","http://www.nasdaq.com/symbol/oesx",
"OFI","Overhill Farms, Inc.","4.64","73419977.44","n/a","n/a","Consumer Non-Durables","Packaged Foods","http://www.nasdaq.com/symbol/ofi",
"PHF","Pacholder High Yield Fund, Inc.","9.47","122892606.68","n/a","1988","n/a","n/a","http://www.nasdaq.com/symbol/phf",
"PBM","Pacific Booker Minerals Inc","14.4","176580561.6","n/a","n/a","Basic Industries","Precious Metals","http://www.nasdaq.com/symbol/pbm",
"PCG^A","Pacific Gas & Electric Co.","30.76","0","n/a","n/a","n/a","n/a","http://www.nasdaq.com/symbol/pcg^a",
"PCG^B","Pacific Gas & Electric Co.","27.895","0","n/a","n/a","n/a","n/a","http://www.nasdaq.com/symbol/pcg^b",
"PCG^C","Pacific Gas & Electric Co.","25.95","0","n/a","n/a","n/a","n/a","http://www.nasdaq.com/symbol/pcg^c",
"PCG^D","Pacific Gas & Electric Co.","25.5","0","n/a","n/a","n/a","n/a","http://www.nasdaq.com/symbol/pcg^d",
"PCG^E","Pacific Gas & Electric Co.","25.21","0","n/a","n/a","n/a","n/a","http://www.nasdaq.com/symbol/pcg^e",
"PCG^G","Pacific Gas & Electric Co.","25.06","0","n/a","n/a","n/a","n/a","http://www.nasdaq.com/symbol/pcg^g",
"PCG^H","Pacific Gas & Electric Co.","24.69","0","n/a","n/a","n/a","n/a","http://www.nasdaq.com/symbol/pcg^h",
"PCG^I","Pacific Gas & Electric Co.","24.41","0","n/a","n/a","n/a","n/a","http://www.nasdaq.com/symbol/pcg^i",
"PTN","Palatin Technologies, Inc.","0.6371","24813714.7352","n/a","1997","Consumer Durables","Major Pharmaceuticals","http://www.nasdaq.com/symbol/ptn",
"PZG","Paramount Gold and Silver Corp.","2.77","408332910.31","n/a","n/a","Basic Industries","Precious Metals","http://www.nasdaq.com/symbol/pzg",
"PCYG","Park City Group, Inc.","3.52","41921742.72","n/a","n/a","Technology","EDP Services","http://www.nasdaq.com/symbol/pcyg",
"PRK","Park National Corporation","69.72","1074098859.96","n/a","n/a","Finance","Major Banks","http://www.nasdaq.com/symbol/prk",
"PTX","Pernix Therapeutics Holdings, Inc.","6.98","202895777.74","n/a","1993","Consumer Durables","Major Pharmaceuticals","http://www.nasdaq.com/symbol/ptx",
"PIP","PharmAthene, Inc","1.24","59973820.16","n/a","1973","Consumer Durables","Major Pharmaceuticals","http://www.nasdaq.com/symbol/pip",
"HNW","Pioneer Diversified High Income Trust","21.36","176460000.96","n/a","2007","n/a","n/a","http://www.nasdaq.com/symbol/hnw",
"PLG","Platinum Group Metals Ltd.","0.98","174032851.16","n/a","1989","Basic Industries","Precious Metals","http://www.nasdaq.com/symbol/plg",
"PCC","PMC Commercial Trust","7.61","80586505.94","n/a","1993","Consumer Services","Real Estate Investment Trusts","http://www.nasdaq.com/symbol/pcc",
"PLM","Polymet Mining Corp.","1.12","199059869.12","n/a","n/a","Basic Industries","Precious Metals","http://www.nasdaq.com/symbol/plm",
"PW","Power REIT","7.1383","11587245.475","n/a","n/a","Consumer Services","Real Estate Investment Trusts","http://www.nasdaq.com/symbol/pw",
"APTS","Preferred Apartment Communities, Inc.","8.17","42313189.81","n/a","n/a","Consumer Services","Real Estate Investment Trusts","http://www.nasdaq.com/symbol/apts",
"PBTH","PROLOR Biotech, Inc.","4.85","307528969.75","n/a","n/a","Consumer Durables","Major Pharmaceuticals","http://www.nasdaq.com/symbol/pbth",
"PLX","Protalix BioTherapeutics, Inc.","5.22","479840179.32","n/a","n/a","Health Care","Biotechnology: Biological Products (No Diagnostic Substances)","http://www.nasdaq.com/symbol/plx",
"PDO","Pyramid Oil Co","4.31","20187406.43","n/a","n/a","Energy","Oil & Gas Production","http://www.nasdaq.com/symbol/pdo",
"QMM","Quaterra Resources Inc","0.385","60224217.13","n/a","n/a","Basic Industries","Precious Metals","http://www.nasdaq.com/symbol/qmm",
"QRM","Quest Rare Minerals Ltd","1.27","78568148.68","n/a","n/a","Basic Industries","Precious Metals","http://www.nasdaq.com/symbol/qrm",
"RLGT","Radiant Logistics, Inc.","1.6999","55864231.8754","n/a","n/a","Transportation","Oil Refining/Marketing","http://www.nasdaq.com/symbol/rlgt",
"REE","Rare Element Resources Ltd.","4.26","188991683.7","n/a","1992","Basic Industries","Precious Metals","http://www.nasdaq.com/symbol/ree",
"UTG","Reaves Utility Income Fund","25.1","579817630.4","n/a","2004","n/a","n/a","http://www.nasdaq.com/symbol/utg",
"RWC","RELM Wireless Corporation","1.83","24788232.06","n/a","n/a","Technology","Radio And Television Broadcasting And Communications Equipment","http://www.nasdaq.com/symbol/rwc",
"RCG","Renaissance Capital Growth & Income Fund III, Inc.","1.69","7544104.23","n/a","n/a","n/a","n/a","http://www.nasdaq.com/symbol/rcg",
"RTK","Rentech, Inc.","2.32","510101471.68","n/a","1991","Basic Industries","Agricultural Chemicals","http://www.nasdaq.com/symbol/rtk",
"RVP","Retractable Technologies, Inc.","1.15","31416505","n/a","n/a","Health Care","Medical/Dental Instruments","http://www.nasdaq.com/symbol/rvp",
"RVM","Revett Minerals Inc.","3.31","113944720.97","n/a","n/a","Basic Industries","Precious Metals","http://www.nasdaq.com/symbol/rvm",
"RNN","Rexahn Pharmaceuticals, Inc.","0.47","44812458.32","n/a","n/a","Consumer Durables","Major Pharmaceuticals","http://www.nasdaq.com/symbol/rnn",
"RIC","Richmont Mines, Inc.","4.61","154847885.43","n/a","n/a","Basic Industries","Precious Metals","http://www.nasdaq.com/symbol/ric",
"RIF","RMR Real Estate Income Fund.","18.08","138339246.56","n/a","2002","n/a","n/a","http://www.nasdaq.com/symbol/rif",
"RPI","Roberts Realty Investors, Inc.","1.4515","15131187.877","n/a","n/a","Consumer Services","Real Estate Investment Trusts","http://www.nasdaq.com/symbol/rpi",
"RBY","Rubicon Minerals Corp","3.72","1069717553.04","n/a","n/a","Basic Industries","Precious Metals","http://www.nasdaq.com/symbol/rby",
"BQY","S&P Quality Rankings Glbl Equ Mngd Tr","12.58","75895492.24","n/a","2004","n/a","n/a","http://www.nasdaq.com/symbol/bqy",
"SGA","Saga Communications, Inc.","41.21","175138749.89","n/a","1992","Consumer Services","Broadcasting","http://www.nasdaq.com/symbol/sga",
"SAL","Salisbury Bancorp, Inc.","24.7601","41836918.1291","n/a","n/a","Finance","Savings Institutions","http://www.nasdaq.com/symbol/sal",
"SSN","Samson Oil & Gas Limited","1.0431","91280082.9708","n/a","n/a","Energy","Oil & Gas Production","http://www.nasdaq.com/symbol/ssn",
"SDO^A","San Diego Gas & Electric Company","25.05","0","n/a","n/a","n/a","n/a","http://www.nasdaq.com/symbol/sdo^a",
"SDO^B","San Diego Gas & Electric Company","23.2","0","n/a","n/a","n/a","n/a","http://www.nasdaq.com/symbol/sdo^b",
"SDO^C","San Diego Gas & Electric Company","20.8","0","n/a","n/a","n/a","n/a","http://www.nasdaq.com/symbol/sdo^c",
"SDO^H","San Diego Gas & Electric Company","29.96","0","n/a","n/a","n/a","n/a","http://www.nasdaq.com/symbol/sdo^h",
"SAND          ","Sandstorm Gold Ltd","10.16","716470713.36","n/a","n/a","Basic Industries","Precious Metals","http://www.nasdaq.com/symbol/sand          ",
"SARA","Saratoga Resources Inc","5.14","158345929.14","n/a","n/a","Energy","Oil & Gas Production","http://www.nasdaq.com/symbol/sara",
"SEB","Seaboard Corporation","2212","2659093864","n/a","1996","Finance","Investment Bankers/Brokers/Service","http://www.nasdaq.com/symbol/seb",
"IDI","SearchMedia Holdings Limited","1.55","28274969.8","n/a","n/a","Consumer Services","Advertising","http://www.nasdaq.com/symbol/idi",
"IDI/U","SearchMedia Holdings Limited","3.5","0","n/a","n/a","n/a","n/a","http://www.nasdaq.com/symbol/idi/u",
"IDI/WS","SearchMedia Holdings Limited","0.0379","0","n/a","n/a","n/a","n/a","http://www.nasdaq.com/symbol/idi/ws",
"SED","SED International Holdings Inc","1.95","9709360.05","n/a","n/a","Technology","Retail: Computer Software & Peripheral Equipment","http://www.nasdaq.com/symbol/sed",
"SNT","Senesco Technologies Inc","0.2051","19222346.9228","n/a","n/a","Health Care","Biotechnology: Commercial Physical & Biological Resarch","http://www.nasdaq.com/symbol/snt",
"SVT","Servotronics, Inc.","8.65","20613062.45","n/a","n/a","Capital Goods","Industrial Machinery/Components","http://www.nasdaq.com/symbol/svt",
"SIF","SIFCO Industries, Inc.","20.1","107285177.1","n/a","n/a","Capital Goods","Aerospace","http://www.nasdaq.com/symbol/sif",
"SVBL","Silver Bull Resources, Inc.","0.539","73390324.623","n/a","n/a","Basic Industries","Precious Metals","http://www.nasdaq.com/symbol/svbl",
"SVLC","SilverCrest Mines, Inc.","2.94","263824954.26","n/a","n/a","Basic Industries","Precious Metals","http://www.nasdaq.com/symbol/svlc",
"WWZ^K","SiM Internal Test 10","n/a","0","n/a","n/a","n/a","n/a","http://www.nasdaq.com/symbol/wwz^k",
"MMZ^K","SiM Internal Test 6","n/a","0","n/a","n/a","n/a","n/a","http://www.nasdaq.com/symbol/mmz^k",
"OOZ^K","SiM Internal Test 7","n/a","0","n/a","n/a","n/a","n/a","http://www.nasdaq.com/symbol/ooz^k",
"QQZ^K","SiM Internal Test 8","n/a","0","n/a","n/a","n/a","n/a","http://www.nasdaq.com/symbol/qqz^k",
"SS^K","SiM Internal Test 9","n/a","0","n/a","n/a","n/a","n/a","http://www.nasdaq.com/symbol/ss^k",
"SIHI","SinoHub, Inc","0.15","5018235.45","n/a","n/a","Consumer Non-Durables","Electronic Components","http://www.nasdaq.com/symbol/sihi",
"SLI","SL Industries, Inc.","13.58","55963180","n/a","n/a","Capital Goods","Industrial Machinery/Components","http://www.nasdaq.com/symbol/sli",
"ZXX","SM Listed Test 3","n/a","0","n/a","n/a","n/a","n/a","http://www.nasdaq.com/symbol/zxx",
"ZXX^F","SM Listed Test 3","n/a","0","n/a","n/a","n/a","n/a","http://www.nasdaq.com/symbol/zxx^f",
"XPL","Solitario Exploration & Royalty Corp","1.36","46858742.88","n/a","n/a","Basic Industries","Precious Metals","http://www.nasdaq.com/symbol/xpl",
"SOQ","Sonde Resources Corp","0.91","56694315.86","n/a","n/a","Energy","Oil & Gas Production","http://www.nasdaq.com/symbol/soq",
"SCE^B","Southern California Edison Company","23.5","0","n/a","n/a","n/a","n/a","http://www.nasdaq.com/symbol/sce^b",
"SCE^C","Southern California Edison Company","23.86","0","n/a","n/a","n/a","n/a","http://www.nasdaq.com/symbol/sce^c",
"SCE^D","Southern California Edison Company","25","0","n/a","n/a","n/a","n/a","http://www.nasdaq.com/symbol/sce^d",
"SCE^E","Southern California Edison Company","25.76","0","n/a","n/a","n/a","n/a","http://www.nasdaq.com/symbol/sce^e",
"SSE","Southern Connecticut Bancorp Inc","1.0637","2949444.3792","n/a","n/a","Finance","Major Banks","http://www.nasdaq.com/symbol/sse",
"SGB","Southwest Georgia Financial Corporation","7.99","20357217.63","n/a","n/a","Finance","Major Banks","http://www.nasdaq.com/symbol/sgb",
"LOV","Spark Networks, Inc.","5.78","119502748.48","n/a","n/a","Miscellaneous","Business Services","http://www.nasdaq.com/symbol/lov",
"SILU","Sprott Resource Lending Corp.","1.44","217828948.32","n/a","n/a","Finance","Commercial Banks","http://www.nasdaq.com/symbol/silu",
"SSY","SunLink Health Systems, Inc.","1.202","11356434.698","n/a","n/a","Health Care","Hospital/Nursing Management","http://www.nasdaq.com/symbol/ssy",
"STS","Supreme Industries, Inc.","3.84","58442288.64","n/a","n/a","Capital Goods","Construction/Ag Equipment/Trucks","http://www.nasdaq.com/symbol/sts",
"SYRG","Synergy Resources Corporation","2.81","144460245.4","n/a","n/a","Energy","Oil & Gas Production","http://www.nasdaq.com/symbol/syrg",
"SYN","Synthetic Biologics, Inc","2.15","71800406.7","n/a","n/a","Consumer Durables","Major Pharmaceuticals","http://www.nasdaq.com/symbol/syn",
"TTTM","T3 Motion Inc","0.57","7356435.39","n/a","n/a","Capital Goods","Auto Manufacturing","http://www.nasdaq.com/symbol/tttm",
"TTTM/WS/W","T3 Motion Inc","n/a","0","n/a","n/a","n/a","n/a","http://www.nasdaq.com/symbol/tttm/ws/w",
"TTTM/WS/Z","T3 Motion Inc","n/a","0","n/a","n/a","n/a","n/a","http://www.nasdaq.com/symbol/tttm/ws/z",
"TRX","Tanzanian Royalty Exploration Corporation","4.8","482207697.6","n/a","2005","Basic Industries","Precious Metals","http://www.nasdaq.com/symbol/trx",
"TGB","Taseko Mines Limited","3.34","637921212.5","n/a","n/a","Basic Industries","Precious Metals","http://www.nasdaq.com/symbol/tgb",
"TAS","Tasman Metals Ltd","1.43","85186504.26","n/a","n/a","Basic Industries","Precious Metals","http://www.nasdaq.com/symbol/tas",
"TSH","Teche Holding Company","40","81126080","n/a","n/a","Finance","Savings Institutions","http://www.nasdaq.com/symbol/tsh",
"TIK","Tel-Instrument Electronics Corp.","4.27","11581158.05","n/a","n/a","Capital Goods","Electrical Products","http://www.nasdaq.com/symbol/tik",
"TGC","Tengasco, Inc.","0.7024","42697078.8912","n/a","n/a","Energy","Oil & Gas Production","http://www.nasdaq.com/symbol/tgc",
"TF","Thai Capital Fund Inc","11.34","40424990.76","n/a","n/a","n/a","n/a","http://www.nasdaq.com/symbol/tf",
"TPI","Tianyin Pharmaceutical Co., Inc.","0.48","14079739.68","n/a","1986","Consumer Durables","Major Pharmaceuticals","http://www.nasdaq.com/symbol/tpi",
"TLR","Timberline Resources Corporation","0.335","18641335.63","n/a","1983","Basic Industries","Precious Metals","http://www.nasdaq.com/symbol/tlr",
"TGD","Timmons Gold Corp","2.74","391776283.3","n/a","n/a","Basic Industries","Precious Metals","http://www.nasdaq.com/symbol/tgd",
"TOF","Tofutti Brands Inc.","1.41","7266725.46","n/a","n/a","Consumer Non-Durables","Specialty Foods","http://www.nasdaq.com/symbol/tof",
"TMP","Tompkins Financial Corporation","39.85","486803535.3","n/a","n/a","Finance","Major Banks","http://www.nasdaq.com/symbol/tmp",
"TAT","Transatlantic Petroleum Ltd","1.04","382858139.04","n/a","n/a","Energy","Oil & Gas Production","http://www.nasdaq.com/symbol/tat",
"TA","TravelCenters of America LLC","5.5","158454290.5","n/a","n/a","Consumer Durables","Automotive Aftermarket","http://www.nasdaq.com/symbol/ta",
"TPLM","Triangle Petroleum Corporation","7.33","324297766.89","n/a","n/a","Energy","Oil & Gas Production","http://www.nasdaq.com/symbol/tplm",
"TRT","Trio-Tech International","1.3","4318021.5","n/a","1984","Technology","Industrial Machinery/Components","http://www.nasdaq.com/symbol/trt",
"TCX","Tucows Inc.","1.37","62311500.39","n/a","n/a","Technology","EDP Services","http://www.nasdaq.com/symbol/tcx",
"TWO/WS","Two Harbors Investments Corp","0.75","0","n/a","n/a","n/a","n/a","http://www.nasdaq.com/symbol/two/ws",
"HTM","U.S. Geothermal Inc.","0.32","28465903.36","n/a","n/a","Public Utilities","Electric Utilities: Central","http://www.nasdaq.com/symbol/htm",
"UAMY","United States Antimony Corporation","2.66","164396269.94","n/a","n/a","Capital Goods","Metal Fabrications","http://www.nasdaq.com/symbol/uamy",
"UVE","UNIVERSAL INSURANCE HOLDINGS INC","3.71","149034513.88","n/a","n/a","Finance","Property-Casualty Insurers","http://www.nasdaq.com/symbol/uve",
"UPG","Universal Power Group Inc","2.15","10793000","n/a","2006","Consumer Non-Durables","Telecommunications Equipment","http://www.nasdaq.com/symbol/upg",
"UUU","Universal Security Instruments, Inc.","4.44","10268649.96","n/a","n/a","Consumer Non-Durables","Electronic Components","http://www.nasdaq.com/symbol/uuu",
"UQM","UQM TECHNOLOGIES INC","1.16","42410417.8","n/a","n/a","Capital Goods","Industrial Machinery/Components","http://www.nasdaq.com/symbol/uqm",
"URG","Ur Energy Inc","0.985","119259299.535","n/a","n/a","Basic Industries","Precious Metals","http://www.nasdaq.com/symbol/urg",
"URZ","Uranerz Energy Corporation","1.52","117281792.48","n/a","n/a","Basic Industries","Precious Metals","http://www.nasdaq.com/symbol/urz",
"UEC","Uranium Energy Corp.","2.72","230642821.6","n/a","n/a","Basic Industries","Precious Metals","http://www.nasdaq.com/symbol/uec",
"VTG","Vantage Drilling Company","1.65","482377632","n/a","n/a","Energy","Oil & Gas Production","http://www.nasdaq.com/symbol/vtg",
"VSR","Versar, Inc.","3.12","30204052.32","n/a","1986","Consumer Services","Military/Government/Technical","http://www.nasdaq.com/symbol/vsr",
"VII","Vicon Industries, Inc.","2.83","12677650.05","n/a","n/a","Consumer Durables","Telecommunications Equipment","http://www.nasdaq.com/symbol/vii",
"VHC","VirnetX Holding Corp","27.75","1417920660","n/a","n/a","Miscellaneous","Multi-Sector Companies","http://www.nasdaq.com/symbol/vhc",
"VGZ","Vista Gold Corporation","3.3","254783575.2","n/a","n/a","Basic Industries","Precious Metals","http://www.nasdaq.com/symbol/vgz",
"VRNG","Vringo, Inc.","3.53","205605291.25","n/a","n/a","Consumer Services","Telecommunications Equipment","http://www.nasdaq.com/symbol/vrng",
"VRNG/WS","Vringo, Inc.","1.68","0","n/a","n/a","n/a","n/a","http://www.nasdaq.com/symbol/vrng/ws",
"WAC","Walter Investment Management Corp.","33.88","977614548.68","n/a","1991","Consumer Services","Real Estate Investment Trusts","http://www.nasdaq.com/symbol/wac",
"WSO/B","Watsco, Inc.","75.27","0","n/a","n/a","Consumer Durables","Industrial Machinery/Components","http://www.nasdaq.com/symbol/wso/b",
"EAD","Wells Fargo Advantage Income Opportunities Fund","10.52","744037004.52","n/a","2003","n/a","n/a","http://www.nasdaq.com/symbol/ead",
"ERC","Wells Fargo Advantage Multi-Sector Income Fund","16.1836","680601298","n/a","2003","n/a","n/a","http://www.nasdaq.com/symbol/erc",
"ERH","Wells Fargo Advantage Utilities and High Income Fund","12.239","112730491.64","n/a","2004","n/a","n/a","http://www.nasdaq.com/symbol/erh",
"WGA","Wells-Gardner Electronics Corporation","2.1467","25039108.8","n/a","n/a","Technology","Radio And Television Broadcasting And Communications Equipment","http://www.nasdaq.com/symbol/wga",
"SBI","Western Asset Intermediate Muni Fund Inc","10.5299","147920212.8463","n/a","1992","n/a","n/a","http://www.nasdaq.com/symbol/sbi",
"WRN","Western Copper and Gold Corporation","0.89","83021427.67","n/a","1994","Basic Industries","Precious Metals","http://www.nasdaq.com/symbol/wrn",
"RVR","White River Capital, Inc.","22.01","78021598.25","n/a","1984","Finance","Finance: Consumer Services","http://www.nasdaq.com/symbol/rvr",
"WYY","WidePoint Corporation","0.438","27879513.366","n/a","n/a","Technology","EDP Services","http://www.nasdaq.com/symbol/wyy",
"WMCO","Williams Controls, Inc.","11","81176832","n/a","1989","Capital Goods","Auto Parts:O.E.M.","http://www.nasdaq.com/symbol/wmco",
"WEX","Winland Electronics, Inc.","0.5401","1999250.363","n/a","n/a","Capital Goods","Industrial Machinery/Components","http://www.nasdaq.com/symbol/wex",
"WTT","Wireless Telecom Group,  Inc.","1.25","30306991.25","n/a","n/a","Capital Goods","Electrical Products","http://www.nasdaq.com/symbol/wtt",
"WIS^","Wisconsin Power & Light Co.","102","0","n/a","n/a","Public Utilities","Power Generation","http://www.nasdaq.com/symbol/wis^",
"WZE","WIZZARD SOFTWARE CORPORATION","4.6","40162968","n/a","n/a","Technology","Computer Software: Prepackaged Software","http://www.nasdaq.com/symbol/wze",
"YMI","YM BioSciences, Inc.","1.91","300914374.63","n/a","n/a","Consumer Durables","Major Pharmaceuticals","http://www.nasdaq.com/symbol/ymi",
"ZBB","ZBB Energy Corporation","0.35","27131487.25","n/a","2007","Public Utilities","Electric Utilities: Central","http://www.nasdaq.com/symbol/zbb",
